Workbook

Sheet examen
A1: numero | B1: nombre
A2: 1 | B2: AMADOR AMADOR LUIS | C2: =E3 -> 0 | D2: Equipo 1 | F2: Equipo 2 | H2: Equipo 3 | J2: Equipo 4 | L2: Equipo 5
A3: 2 | B3: BELLO RAMIREZ LEONEL ALEJANDRO | C3: =G3 -> 0 | D3: luis | F3: leo | H3: rodrigo | I3: 10 | L3: Yurico
A4: 3 | B4: CALVARIO TEZMOL RODRIGO | C4: =I3 -> 10 | D4: leo | F4: Daniel | H4: cesar | I4: 10 | L4: lety
A5: 4 | B5: CONTRERAS GUZMAN MELANIE C | C5: =I13 -> 0 | D5: johnatan | F5: tejocote | H5: pablo | I5: 10 | L5: Cristhofer
A6: 5 | B6: CORONA CALVARIO CESAR | C6: =I4 -> 10 | D6: Pablo
A7: 6 | B7: COYOTL GALINDO JUAN PABLO | C7: =I5 -> 10 | L7: digital
A8: 7 | B8: CUENTENCO LOPEZ URIEL | C8: =M9 -> 0 | D8: Equipo 6 | F8: Equipo 7 | H8: Equipo 8 | J8: Equipo 9 | L8: Equipo 10
A9: 8 | B9: DIEGO AMARO BRANDON ELLIOT | C9: =E15 -> 0 | D9: Santiago | E9: 10 | F9: Joel | H9: Areli | J9: Miguel | K9: 8 | L9: Uriel
A10: 9 | B10: DURAN ROMERO MAURICIO | C10: =K3 -> 0 | D10: David | E10: 10 | F10: Dilan | H10: Hugo | J10: montse | K10: 10 | L10: kevin | M10: 3.5
A11: 10 | B11: FLORES GONZALEZ KEVIN DAVID | C11: =M10 -> 3.5 | D11: Zabdiel | E11: 10 | F11: julio | H11: Alexis | J11: Mayte | K11: 10
A12: 11 | B12: GARCIA CARAZO SANTIAGO | C12: =E9 -> 10 | D12: Raul | E12: 10 | F12: mari | H12: Angel
A13: 12 | B13: GOMEZ CASIANO CRISTHOFER | C13: =M5 -> 0 | F13: digital | H13: Melanie
A14: 13 | B14: HUERTA ROMERO JOEL | C14: =G9 -> 0 | D14: Equipo 11 | H14: digital 0
A15: 14 | B15: JUAREZ MARCELINO MONTSERRAT | C15: =K10 -> 10 | D15: Brandon
A16: 15 | B16: JUAREZ TEPEPA DANIEL JACINTO | C16: =G4 -> 0 | D16: leonel
A17: 16 | B17: LARA CONTRERAS ARELI | C17: =I9 -> 0 | D17: yoni
A18: 17 | B18: MASTRANZO ROQUE MARASOFIA YURICO | C18: =M3 -> 0
A19: 18 | B19: MELENDEZ MARTINEZ HUGO | C19: =I10 -> 0
A20: 19 | B20: MENDEZ FLORES ANGEL GABRIEL | C20: =I12 -> 0
A21: 20 | B21: MORA ACAMETITLA JULIO YAIR | C21: =G11 -> 0
A22: 21 | B22: RAMIREZ DE LOS SANTOS LETICIA | C22: =M4 -> 0
A23: 22 | B23: REYES LARINO MAYTE | C23: =K11 -> 10
A24: 23 | B24: RIZO GALLEGOS UZAI ZABDIEL | C24: =E11 -> 10
A25: 24 | B25: ROJAS GARCIA LEONARDO | C25: =E4 -> 0
A26: 25 | B26: SALAS MONARCA LEONEL | C26: =E16 -> 0
A27: 26 | B27: SANCHEZ CALVARIO YONI JOSUE | C27: =E17 -> 0
A28: 27 | B28: TABA CAPILLA ZOE RONALDO | C28: =K4 -> 0
A29: 28 | B29: TECHALOTZI CANTOR MIGUEL ANGEL | C29: =K9 -> 8
A30: 29 | B30: TECHALOTZI ROJAS DAVID | C30: =E10 -> 10
A31: 30 | B31: TEJOCOTE GARCIA DAVID | C31: =G5 -> 0
A32: 31 | B32: TLAPAYA TLATELPA BRAYAN ALEXIS | C32: =I11 -> 0
A33: 32 | B33: TLATELPA ROMERO MARÍA MERCEDES | C33: =G12 -> 0
A34: 33 | B34: VAZQUEZ CARRILLO JOSE PABLO | C34: =E6 -> 0
A35: 34 | B35: XIMELLO ZAMBRANO RAUL | C35: =E12 -> 10
A36: 35 | B36: YEHUELA ROMERO DILAN NERY | C36: =G10 -> 0
A37: 36 | B37: ZEPEDA ARCE JONATHAN URIEL | C37: =E5 -> 0

Sheet MAqueta manual
A1: id_alumno | B1: nombre | C1: estado | D1: calificacion | E1: fecha_limite
A2: 1 | B2: AMADOR AMADOR LUIS | C2: =IF(D2>0, "Entregado", "Pendiente") -> Pendiente | D2: =H3 -> 0 | E2: 46270 | G2: Equipo 1 | I2: Equipo 2 | K2: Equipo 3 | O2: Equipo 5
A3: 2 | B3: BELLO RAMIREZ LEONEL ALEJANDRO | C3: =IF(D3>0, "Entregado", "Pendiente") -> Entregado | D3: =J3 -> 10 | E3: 46270 | G3: luis | H3: 0 | I3: leo | J3: 10 | K3: rodrigo | O3: Yurico | P3: 10
A4: 3 | B4: CALVARIO TEZMOL RODRIGO | C4: =IF(D4>0, "Entregado", "Pendiente") -> Pendiente | D4: =L3 -> 0 | E4: 46270 | G4: leo | I4: Daniel | K4: cesar | O4: lety
A5: 4 | B5: CONTRERAS GUZMAN MELANIE C | C5: =IF(D5>0, "Entregado", "Pendiente") -> Pendiente | D5: =L13 -> 0 | E5: 46270 | G5: johnatan | H5: 10 | I5: tejocote | J5: 10 | K5: pablo | O5: Cristhofer
A6: 5 | B6: CORONA CALVARIO CESAR | C6: =IF(D6>0, "Entregado", "Pendiente") -> Pendiente | D6: =L4 -> 0 | E6: 46270 | G6: Pablo | H6: 10
A7: 6 | B7: COYOTL GALINDO JUAN PABLO | C7: =IF(D7>0, "Entregado", "Pendiente") -> Pendiente | D7: =L5 -> 0 | E7: 46270 | O7: digital
A8: 7 | B8: CUENTENCO LOPEZ URIEL | C8: =IF(D8>0, "Entregado", "Pendiente") -> Entregado | D8: =P9 -> 10 | E8: 46270 | G8: Equipo 6 | I8: Equipo 7 | K8: Equipo 8 | M8: Equipo 9 | O8: Equipo 10
A9: 8 | B9: DIEGO AMARO BRANDON ELLIOT | C9: =IF(D9>0, "Entregado", "Pendiente") -> Entregado | D9: =H15 -> 10 | E9: 46270 | G9: Santiago | H9: 10 | I9: Joel | J9: 10 | K9: Areli | L9: 10 | M9: Miguel | N9: 10 | O9: Uriel | P9: 10
A10: 9 | B10: DURAN ROMERO MAURICIO | C10: =IF(D10>0, "Entregado", "Pendiente") -> Pendiente | D10: =N3 -> 0 | E10: 46270 | G10: David | H10: 10 | I10: Dilan | J10: 10 | K10: Hugo | L10: 10 | M10: montse | O10: kevin | P10: 10
A11: 10 | B11: FLORES GONZALEZ KEVIN DAVID | C11: =IF(D11>0, "Entregado", "Pendiente") -> Entregado | D11: =P10 -> 10 | E11: 46270 | G11: Zabdiel | H11: 10 | I11: julio | K11: Alexis | M11: Mayte
A12: 11 | B12: GARCIA CARAZO SANTIAGO | C12: =IF(D12>0, "Entregado", "Pendiente") -> Entregado | D12: =H9 -> 10 | E12: 46270 | G12: Raul | H12: 10 | I12: mari | K12: Angel
A13: 12 | B13: GOMEZ CASIANO CRISTHOFER | C13: =IF(D13>0, "Entregado", "Pendiente") -> Pendiente | D13: =P5 -> 0 | E13: 46270 | I13: digital | K13: Melanie
A14: 13 | B14: HUERTA ROMERO JOEL | C14: =IF(D14>0, "Entregado", "Pendiente") -> Entregado | D14: =J9 -> 10 | E14: 46270 | G14: Equipo 11 | K14: digital 0
A15: 14 | B15: JUAREZ MARCELINO MONTSERRAT | C15: =IF(D15>0, "Entregado", "Pendiente") -> Pendiente | D15: =N10 -> 0 | E15: 46270 | G15: Brandon | H15: 10
A16: 15 | B16: JUAREZ TEPEPA DANIEL JACINTO | C16: =IF(D16>0, "Entregado", "Pendiente") -> Pendiente | D16: =J4 -> 0 | E16: 46270 | G16: leonel
A17: 16 | B17: LARA CONTRERAS ARELI | C17: =IF(D17>0, "Entregado", "Pendiente") -> Entregado | D17: =L9 -> 10 | E17: 46270 | G17: yoni | H17: 10
A18: 17 | B18: MASTRANZO ROQUE MARASOFIA YURICO | C18: =IF(D18>0, "Entregado", "Pendiente") -> Entregado | D18: =P3 -> 10 | E18: 46270
A19: 18 | B19: MELENDEZ MARTINEZ HUGO | C19: =IF(D19>0, "Entregado", "Pendiente") -> Entregado | D19: =L10 -> 10 | E19: 46270
A20: 19 | B20: MENDEZ FLORES ANGEL GABRIEL | C20: =IF(D20>0, "Entregado", "Pendiente") -> Pendiente | D20: =L12 -> 0 | E20: 46270
A21: 20 | B21: MORA ACAMETITLA JULIO YAIR | C21: =IF(D21>0, "Entregado", "Pendiente") -> Pendiente | D21: =J11 -> 0 | E21: 46270
A22: 21 | B22: RAMIREZ DE LOS SANTOS LETICIA | C22: =IF(D22>0, "Entregado", "Pendiente") -> Pendiente | D22: =P4 -> 0 | E22: 46270
A23: 22 | B23: REYES LARINO MAYTE | C23: =IF(D23>0, "Entregado", "Pendiente") -> Pendiente | D23: =N11 -> 0 | E23: 46270
A24: 23 | B24: RIZO GALLEGOS UZAI ZABDIEL | C24: =IF(D24>0, "Entregado", "Pendiente") -> Entregado | D24: =H11 -> 10 | E24: 46270
A25: 24 | B25: ROJAS GARCIA LEONARDO | C25: =IF(D25>0, "Entregado", "Pendiente") -> Pendiente | D25: =H4 -> 0 | E25: 46270
A26: 25 | B26: SALAS MONARCA LEONEL | C26: =IF(D26>0, "Entregado", "Pendiente") -> Pendiente | D26: =H16 -> 0 | E26: 46270
A27: 26 | B27: SANCHEZ CALVARIO YONI JOSUE | C27: =IF(D27>0, "Entregado", "Pendiente") -> Entregado | D27: =H17 -> 10 | E27: 46270
A28: 27 | B28: TABA CAPILLA ZOE RONALDO | C28: =IF(D28>0, "Entregado", "Pendiente") -> Pendiente | D28: =N4 -> 0 | E28: 46270
A29: 28 | B29: TECHALOTZI CANTOR MIGUEL ANGEL | C29: =IF(D29>0, "Entregado", "Pendiente") -> Entregado | D29: =N9 -> 10 | E29: 46270
A30: 29 | B30: TECHALOTZI ROJAS DAVID | C30: =IF(D30>0, "Entregado", "Pendiente") -> Entregado | D30: =H10 -> 10 | E30: 46270
A31: 30 | B31: TEJOCOTE GARCIA DAVID | C31: =IF(D31>0, "Entregado", "Pendiente") -> Entregado | D31: =J5 -> 10 | E31: 46270
A32: 31 | B32: TLAPAYA TLATELPA BRAYAN ALEXIS | C32: =IF(D32>0, "Entregado", "Pendiente") -> Pendiente | D32: =L11 -> 0 | E32: 46270
A33: 32 | B33: TLATELPA ROMERO MARÍA MERCEDES | C33: =IF(D33>0, "Entregado", "Pendiente") -> Pendiente | D33: =J12 -> 0 | E33: 46270
A34: 33 | B34: VAZQUEZ CARRILLO JOSE PABLO | C34: =IF(D34>0, "Entregado", "Pendiente") -> Entregado | D34: =H6 -> 10 | E34: 46270
A35: 34 | B35: XIMELLO ZAMBRANO RAUL | C35: =IF(D35>0, "Entregado", "Pendiente") -> Entregado | D35: =H12 -> 10 | E35: 46270
A36: 35 | B36: YEHUELA ROMERO DILAN NERY | C36: =IF(D36>0, "Entregado", "Pendiente") -> Entregado | D36: =J10 -> 10 | E36: 46270
A37: 36 | B37: ZEPEDA ARCE JONATHAN URIEL | C37: =IF(D37>0, "Entregado", "Pendiente") -> Entregado | D37: =H5 -> 10 | E37: 46270

Sheet MAqueta
A1: numero | B1: nombre
A2: 1 | B2: AMADOR AMADOR LUIS | C2: =E3 -> 10 | D2: Equipo 1 | F2: Equipo 2 | H2: Equipo 3 | J2: Equipo 4 | L2: Equipo 5
A3: 2 | B3: BELLO RAMIREZ LEONEL ALEJANDRO | C3: =G3 -> 10 | D3: luis | E3: 10 | F3: leo | G3: 10 | H3: rodrigo | L3: Yurico
A4: 3 | B4: CALVARIO TEZMOL RODRIGO | C4: =I3 -> 0 | D4: leo | F4: Daniel | G4: 10 | H4: cesar | L4: lety
A5: 4 | B5: CONTRERAS GUZMAN MELANIE C | C5: =I13 -> 0 | D5: johnatan | F5: tejocote | G5: 10 | H5: pablo | L5: Cristhofer
A6: 5 | B6: CORONA CALVARIO CESAR | C6: =I4 -> 0 | D6: Pablo | E6: 10
A7: 6 | B7: COYOTL GALINDO JUAN PABLO | C7: =I5 -> 0 | L7: digital
A8: 7 | B8: CUENTENCO LOPEZ URIEL | C8: =M9 -> 0 | D8: Equipo 6 | F8: Equipo 7 | H8: Equipo 8 | J8: Equipo 9 | L8: Equipo 10
A9: 8 | B9: DIEGO AMARO BRANDON ELLIOT | C9: =E15 -> 0 | D9: Santiago | E9: 10 | F9: Joel | G9: 10 | H9: Areli | J9: Miguel | L9: Uriel
A10: 9 | B10: DURAN ROMERO MAURICIO | C10: =K3 -> 0 | D10: David | E10: 10 | F10: Dilan | G10: 10 | H10: Hugo | J10: montse | L10: kevin
A11: 10 | B11: FLORES GONZALEZ KEVIN DAVID | C11: =M10 -> 0 | D11: Zabdiel | E11: 10 | F11: julio | G11: 10 | H11: Alexis | J11: Mayte
A12: 11 | B12: GARCIA CARAZO SANTIAGO | C12: =E9 -> 10 | D12: Raul | E12: 10 | F12: mari | G12: 10 | H12: Angel
A13: 12 | B13: GOMEZ CASIANO CRISTHOFER | C13: =M5 -> 0 | F13: digital | G13: 10 | H13: Melanie
A14: 13 | B14: HUERTA ROMERO JOEL | C14: =G9 -> 10 | D14: Equipo 11 | H14: digital 0
A15: 14 | B15: JUAREZ MARCELINO MONTSERRAT | C15: =K10 -> 0 | D15: Brandon
A16: 15 | B16: JUAREZ TEPEPA DANIEL JACINTO | C16: =G4 -> 10 | D16: leonel
A17: 16 | B17: LARA CONTRERAS ARELI | C17: =I9 -> 0 | D17: yoni
A18: 17 | B18: MASTRANZO ROQUE MARASOFIA YURICO | C18: =M3 -> 0
A19: 18 | B19: MELENDEZ MARTINEZ HUGO | C19: =I10 -> 0
A20: 19 | B20: MENDEZ FLORES ANGEL GABRIEL | C20: =I12 -> 0
A21: 20 | B21: MORA ACAMETITLA JULIO YAIR | C21: =G11 -> 10
A22: 21 | B22: RAMIREZ DE LOS SANTOS LETICIA | C22: =M4 -> 0
A23: 22 | B23: REYES LARINO MAYTE | C23: =K11 -> 0
A24: 23 | B24: RIZO GALLEGOS UZAI ZABDIEL | C24: =E11 -> 10
A25: 24 | B25: ROJAS GARCIA LEONARDO | C25: =E4 -> 0
A26: 25 | B26: SALAS MONARCA LEONEL | C26: =E16 -> 0
A27: 26 | B27: SANCHEZ CALVARIO YONI JOSUE | C27: =E17 -> 0
A28: 27 | B28: TABA CAPILLA ZOE RONALDO | C28: =K4 -> 0
A29: 28 | B29: TECHALOTZI CANTOR MIGUEL ANGEL | C29: =K9 -> 0
A30: 29 | B30: TECHALOTZI ROJAS DAVID | C30: =E10 -> 10
A31: 30 | B31: TEJOCOTE GARCIA DAVID | C31: =G5 -> 10
A32: 31 | B32: TLAPAYA TLATELPA BRAYAN ALEXIS | C32: =I11 -> 0
A33: 32 | B33: TLATELPA ROMERO MARÍA MERCEDES | C33: =G12 -> 10
A34: 33 | B34: VAZQUEZ CARRILLO JOSE PABLO | C34: =E6 -> 10
A35: 34 | B35: XIMELLO ZAMBRANO RAUL | C35: =E12 -> 10
A36: 35 | B36: YEHUELA ROMERO DILAN NERY | C36: =G10 -> 10
A37: 36 | B37: ZEPEDA ARCE JONATHAN URIEL | C37: =E5 -> 0

Sheet evaluacion
B1: Aire acondicionado | C1: 0.3 | D1: 0.3 | E1: 0.3 | F1: 0.1 | G1: =SUM(C1:F1) -> 1 | I1: prof | M1: prof
A2: numero | B2: nombre | C2: Examen | D2: practica | E2: libreta | F2: conducta | G2: promedio | H2: final | I2: corrección | J2: faltas | K2: acepto | L2: firma | M2: asiste
A3: 1 | B3: AMADOR AMADOR LUIS | C3: 10 | D3: =MAqueta!C2 -> 10 | E3: 5 | F3: 10 | G3: =C3*$C$1+D3*$D$1+E3*$E$1+F3*$F$1 -> 8.5 | H3: 9
A4: 2 | B4: BELLO RAMIREZ LEONEL ALEJANDRO | C4: 6 | D4: =MAqueta!C3 -> 10 | E4: ='MAqueta manual'!D3 -> 10 | F4: 8 | G4: =C4*$C$1+D4*$D$1+E4*$E$1+F4*$F$1 -> 8.6 | H4: 9
A5: 3 | B5: CALVARIO TEZMOL RODRIGO | C5: =examen!C4 -> 10 | D5: 4 | E5: 10 | F5: 10 | G5: =C5*$C$1+D5*$D$1+E5*$E$1+F5*$F$1 -> 8.2 | H5: 8
A6: 4 | B6: CONTRERAS GUZMAN MELANIE C | C6: 3 | D6: =MAqueta!C5 -> 0 | E6: ='MAqueta manual'!D5 -> 0 | F6: 5 | G6: =C6*$C$1+D6*$D$1+E6*$E$1+F6*$F$1 -> 1.4 | H6: 5
A7: 5 | B7: CORONA CALVARIO CESAR | C7: =examen!C6 -> 10 | D7: 4 | E7: 10 | F7: 8 | G7: =C7*$C$1+D7*$D$1+E7*$E$1+F7*$F$1 -> 8 | H7: 8
A8: 6 | B8: COYOTL GALINDO JUAN PABLO | C8: =examen!C7 -> 10 | D8: 4 | E8: 10 | F8: 8 | G8: =C8*$C$1+D8*$D$1+E8*$E$1+F8*$F$1 -> 8 | H8: 8
A9: 7 | B9: CUENTENCO LOPEZ URIEL | C9: 10 | D9: 2 | E9: ='MAqueta manual'!D8 -> 10 | F9: 10 | G9: =C9*$C$1+D9*$D$1+E9*$E$1+F9*$F$1 -> 7.6 | H9: 8
A10: 8 | B10: DIEGO AMARO BRANDON ELLIOT | C10: =examen!C9 -> 0 | D10: 7 | E10: ='MAqueta manual'!D9 -> 10 | F10: 10 | G10: =C10*$C$1+D10*$D$1+E10*$E$1+F10*$F$1 -> 6.1 | H10: 6
A11: 10 | B11: FLORES GONZALEZ KEVIN DAVID | C11: =examen!C11 -> 3.5 | D11: =MAqueta!C11 -> 0 | E11: ='MAqueta manual'!D11 -> 10 | F11: 10 | G11: =C11*$C$1+D11*$D$1+E11*$E$1+F11*$F$1 -> 5.05 | H11: 5
A12: 11 | B12: GARCIA CARAZO SANTIAGO | C12: =examen!C12 -> 10 | D12: =MAqueta!C12 -> 10 | E12: ='MAqueta manual'!D12 -> 10 | F12: 5 | G12: =C12*$C$1+D12*$D$1+E12*$E$1+F12*$F$1 -> 9.5 | H12: 10
A13: 12 | B13: GOMEZ CASIANO CRISTHOFER | C13: =examen!C13 -> 0 | D13: =MAqueta!C13 -> 0 | E13: ='MAqueta manual'!D13 -> 0 | F13: 10 | G13: =C13*$C$1+D13*$D$1+E13*$E$1+F13*$F$1 -> 1 | H13: 5
A14: 13 | B14: HUERTA ROMERO JOEL | C14: 2 | D14: =MAqueta!C14 -> 10 | E14: ='MAqueta manual'!D14 -> 10 | F14: 10 | G14: =C14*$C$1+D14*$D$1+E14*$E$1+F14*$F$1 -> 7.6 | H14: 8
A15: 14 | B15: JUAREZ MARCELINO MONTSERRAT | C15: =examen!C15 -> 10 | D15: 2 | E15: 9 | F15: 10 | G15: =C15*$C$1+D15*$D$1+E15*$E$1+F15*$F$1 -> 7.3 | H15: 8
A16: 15 | B16: JUAREZ TEPEPA DANIEL JACINTO | C16: =examen!C16 -> 0 | D16: =MAqueta!C16 -> 10 | E16: ='MAqueta manual'!D16 -> 0 | F16: 10 | G16: =C16*$C$1+D16*$D$1+E16*$E$1+F16*$F$1 -> 4 | H16: 5
A17: 16 | B17: LARA CONTRERAS ARELI | C17: =examen!C17 -> 0 | D17: =MAqueta!C17 -> 0 | E17: ='MAqueta manual'!D17 -> 10 | F17: 10 | G17: =C17*$C$1+D17*$D$1+E17*$E$1+F17*$F$1 -> 4 | H17: 5
A18: 17 | B18: MASTRANZO ROQUE MARASOFIA YURICO | C18: 10 | D18: 2 | E18: ='MAqueta manual'!D18 -> 10 | F18: 10 | G18: =C18*$C$1+D18*$D$1+E18*$E$1+F18*$F$1 -> 7.6 | H18: 8
A19: 18 | B19: MELENDEZ MARTINEZ HUGO | C19: =examen!C19 -> 0 | D19: =MAqueta!C19 -> 0 | E19: ='MAqueta manual'!D19 -> 10 | F19: 9 | G19: =C19*$C$1+D19*$D$1+E19*$E$1+F19*$F$1 -> 3.9 | H19: 5
A20: 19 | B20: MENDEZ FLORES ANGEL GABRIEL | C20: 10 | D20: 2 | E20: 10 | F20: 10 | G20: =C20*$C$1+D20*$D$1+E20*$E$1+F20*$F$1 -> 7.6 | H20: 8
A21: 20 | B21: MORA ACAMETITLA JULIO YAIR | C21: 4 | D21: =MAqueta!C21 -> 10 | E21: ='MAqueta manual'!D21 -> 0 | F21: 10 | G21: =C21*$C$1+D21*$D$1+E21*$E$1+F21*$F$1 -> 5.2 | H21: 5
A22: 21 | B22: RAMIREZ DE LOS SANTOS LETICIA | C22: 10 | D22: 2 | E22: 10 | F22: 10 | G22: =C22*$C$1+D22*$D$1+E22*$E$1+F22*$F$1 -> 7.6 | H22: 8
A23: 22 | B23: REYES LARINO MAYTE | C23: =examen!C23 -> 10 | D23: 2 | E23: 10 | F23: 10 | G23: =C23*$C$1+D23*$D$1+E23*$E$1+F23*$F$1 -> 7.6 | H23: 8
A24: 23 | B24: RIZO GALLEGOS UZAI ZABDIEL | C24: =examen!C24 -> 10 | D24: =MAqueta!C24 -> 10 | E24: ='MAqueta manual'!D24 -> 10 | F24: 10 | G24: =C24*$C$1+D24*$D$1+E24*$E$1+F24*$F$1 -> 10 | H24: 10
A25: 24 | B25: ROJAS GARCIA LEONARDO | C25: 10 | D25: 8 | E25: 5 | F25: 10 | G25: =C25*$C$1+D25*$D$1+E25*$E$1+F25*$F$1 -> 7.9 | H25: 8
A26: 25 | B26: SALAS MONARCA LEONEL | C26: =examen!C26 -> 0 | D26: =MAqueta!C26 -> 0 | E26: ='MAqueta manual'!D26 -> 0 | F26: 10 | G26: =C26*$C$1+D26*$D$1+E26*$E$1+F26*$F$1 -> 1 | H26: 5
A27: 26 | B27: SANCHEZ CALVARIO YONI JOSUE | C27: =examen!C27 -> 0 | D27: 7 | E27: ='MAqueta manual'!D27 -> 10 | F27: 10 | G27: =C27*$C$1+D27*$D$1+E27*$E$1+F27*$F$1 -> 6.1 | H27: 6
A28: 28 | B28: TECHALOTZI CANTOR MIGUEL ANGEL | C28: =examen!C29 -> 8 | D28: =MAqueta!C29 -> 0 | E28: ='MAqueta manual'!D29 -> 10 | F28: 6 | G28: =C28*$C$1+D28*$D$1+E28*$E$1+F28*$F$1 -> 6 | H28: 6
A29: 29 | B29: TECHALOTZI ROJAS DAVID | C29: =examen!C30 -> 10 | D29: =MAqueta!C30 -> 10 | E29: ='MAqueta manual'!D30 -> 10 | F29: 5 | G29: =C29*$C$1+D29*$D$1+E29*$E$1+F29*$F$1 -> 9.5 | H29: 10
A30: 30 | B30: TEJOCOTE GARCIA DAVID | C30: 3.5 | D30: =MAqueta!C31 -> 10 | E30: ='MAqueta manual'!D31 -> 10 | F30: 5 | G30: =C30*$C$1+D30*$D$1+E30*$E$1+F30*$F$1 -> 7.55 | H30: 8
A31: 31 | B31: TLAPAYA TLATELPA BRAYAN ALEXIS | C31: =examen!C32 -> 0 | D31: =MAqueta!C32 -> 0 | E31: ='MAqueta manual'!D32 -> 0 | F31: 8.5 | G31: =C31*$C$1+D31*$D$1+E31*$E$1+F31*$F$1 -> 0.85 | H31: 5
A32: 32 | B32: TLATELPA ROMERO MARÍA MERCEDES | C32: 3 | D32: =MAqueta!C33 -> 10 | E32: 5 | F32: 8 | G32: =C32*$C$1+D32*$D$1+E32*$E$1+F32*$F$1 -> 6.2 | H32: 6
A33: 33 | B33: VAZQUEZ CARRILLO JOSE PABLO | C33: 3.5 | D33: =MAqueta!C34 -> 10 | E33: ='MAqueta manual'!D34 -> 10 | F33: 10 | G33: =C33*$C$1+D33*$D$1+E33*$E$1+F33*$F$1 -> 8.05 | H33: 8
A34: 34 | B34: XIMELLO ZAMBRANO RAUL | C34: =examen!C35 -> 10 | D34: =MAqueta!C35 -> 10 | E34: ='MAqueta manual'!D35 -> 10 | F34: 6 | G34: =C34*$C$1+D34*$D$1+E34*$E$1+F34*$F$1 -> 9.6 | H34: 10
A35: 35 | B35: YEHUELA ROMERO DILAN NERY | C35: 2 | D35: =MAqueta!C36 -> 10 | E35: ='MAqueta manual'!D36 -> 10 | F35: 10 | G35: =C35*$C$1+D35*$D$1+E35*$E$1+F35*$F$1 -> 7.6 | H35: 8
A36: 36 | B36: ZEPEDA ARCE JONATHAN URIEL | C36: =examen!C37 -> 0 | D36: =MAqueta!C37 -> 0 | E36: ='MAqueta manual'!D37 -> 10 | F36: 10 | G36: =C36*$C$1+D36*$D$1+E36*$E$1+F36*$F$1 -> 4 | H36: 5

Sheet libro
A1: numero | B1: nombre | F1: numero | G1: nombre
B2: AMADOR AMADOR LUIS | C2: Habitos atomicos | D2: James Clear | F2: 1 | G2: AMADOR AMADOR LUIS | H2: Habitos atomicos | I2: James Clear | K2: Equipo 4 | M2: Equipo 5
B3: BELLO RAMIREZ LEONEL ALEJANDRO | F3: 2 | G3: BELLO RAMIREZ LEONEL ALEJANDRO | J3: 10 | K3: Melany | L3: 0 | M3: mauricio
B4: CALVARIO TEZMOL RODRIGO | C4: los hornos de hitler | D4: Olga Lengyel | F4: 3 | G4: CALVARIO TEZMOL RODRIGO | H4: los hornos de hitler | I4: Olga Lengyel | J4: 9 | K4: Areli | L4: 8 | M4: ronaldo | N4: 0
B5: CONTRERAS GUZMAN MELANIE | F5: 4 | G5: CONTRERAS GUZMAN MELANIE C | J5: 8 | K5: hugo | L5: 9 | M5: alexis | N5: 0
B6: CORONA CALVARIO CESAR | C6: Psicología Oscura | D6: Steven Turner | F6: 5 | G6: CORONA CALVARIO CESAR | H6: Psicología Oscura | I6: Steven Turner | J6: 9
B7: COYOTL GALINDO JUAN PABLO | C7: Yo robot | D7: Isaac Asimov | F7: 6 | G7: CUENTENCO LOPEZ URIEL | K7: Equipo 9 | M7: Equipo 10
B8: CUENTENCO LOPEZ URIEL | F8: 7 | G8: DIEGO AMARO BRANDON ELLIOT | H8: Persona normal | I8: Benito Taibo | J8: 10 | K8: Angel | M8: Monsterrat | N8: 10
B9: DIEGO AMARO BRANDON ELLIOT | C9: Persona normal | D9: Benito Taibo | F9: 8 | G9: DURAN ROMERO MAURICIO | J9: 10 | K9: Mayte | M9: Maria | N9: 10
B10: DURAN ROMERO MAURICIO | F10: 9 | G10: FLORES GONZALEZ KEVIN DAVID | J10: 10 | K10: kevin | M10: Julio | N10: 0
B11: FLORES GONZALEZ KEVIN DAVID | F11: 10 | G11: GARCIA CARAZO SANTIAGO
B12: GARCIA CARAZO SANTIAGO | C12: ecos de la conquista | D12: maria kristina urritia krystina libura | F12: 11 | G12: GOMEZ CASIANO CRISTHOFER | H12: LOVE | I12: ANA HUANG
B13: GOMEZ CASIANO CRISTHOFER | C13: LOVE | D13: ANA HUANG | F13: 12 | G13: Huerta Romero Joel | H13: Te escribo desde Auschwitz | I13: Kaaren Taieb
B14: HUERTA ROMERO JOEL | C14: Te escribo desde Auschwitz | D14: Kaaren Taieb | F14: 13 | G14: coyotl galindo juan pablo | H14: Yo robot | I14: Isaac Asimov
B15: JUAREZ MARCELINO MONTSERRAT | C15: harry potter y la piedra filosofal | D15: Jk Rowling | F15: 14 | G15: JUAREZ TEPEPA DANIEL JACINTO
B16: JUAREZ TEPEPA DANIEL JACINTO | C16: El retrato de Dorin Grey | F16: 15 | G16: LARA CONTRERAS ARELI | H16: Cunetos de Shakespeare | I16: Charles y -mary Lamb
B17: LARA CONTRERAS ARELI | C17: Cunetos de Shakespeare | D17: Charles y -mary Lamb | F17: 16 | G17: MASTRANZO ROQUE MARASOFIA YURICO | H17: Habitos atomicos | I17: James Clear
B18: MASTRANZO ROQUE MARASOFIA YURICO | C18: Habitos atomicos | D18: James Clear | F18: 17 | G18: MELENDEZ MARTINEZ HUGO
B19: MELENDEZ MARTINEZ HUGO | F19: 18 | G19: MENDEZ FLORES ANGEL GABRIEL
B20: MENDEZ FLORES ANGEL GABRIEL | F20: 19 | G20: MENDEZ SERRANO CRISTOPHER ALFONSO
B21: MORA ACAMETITLA JULIO YAIR | F21: 20 | G21: juarez marcelino monserrat | H21: harry potter y la piedra filosofal | I21: Jk Rowling
B22: RAMIREZ DE LOS SANTOS LETICIA | C22: Nada me asusta | D22: Eduardo espinoza | F22: 21 | G22: MORA ACAMETITLA JULIO YAIR
B23: REYES LARINO MAYTE | C23: un insesperado nosotros | D23: Andrea Smith | F23: 22 | G23: RAMIREZ DE LOS SANTOS LETICIA | H23: Nada me asusta | I23: Eduardo espinoza
B24: RIZO GALLEGOS UZAI ZABDIEL | F24: 23 | G24: REYES LARINO MAYTE | H24: un insesperado nosotros | I24: Andrea Smith
B25: ROJAS GARCIA LEONARDO | F25: 24 | G25: RIZO GALLEGOS UZAI ZABDIEL
B26: SALAS MONARCA LEONEL | F26: 25 | G26: ROJAS GARCIA LEONARDO
B27: SANCHEZ CALVARIO YONI JOSUE | F27: 26 | G27: SALAS MONARCA LEONEL
B28: TABA CAPILLA ZOE RONALDO | F28: 27 | G28: SANCHEZ CALVARIO YONI JOSUE
B29: TECHALOTZI CANTOR MIGUEL ANGEL | F29: 28 | G29: TABA CAPILLA ZOE RONALDO
B30: TECHALOTZI ROJAS DAVID | C30: eso | D30: stephen king | F30: 29 | G30: TECHALOTZI CANTOR MIGUEL ANGEL
B31: TEJOCOTE GARCIA DAVID | C31: la biblioteca de la media noche | D31: Matt Haig | F31: 30 | G31: TECHALOTZI ROJAS DAVID
B32: TLAPAYA TLATELPA BRAYAN ALEXIS | C32: mi viaje sin ti | D32: Alejandro sequera | F32: 31 | G32: TEJOCOTE GARCIA DAVID
B33: TLATELPA ROMERO MARÍA MERCEDES | C33: once minutos | D33: Paulo Cohelo | F33: 32 | G33: TLAPAYA TLATELPA BRAYAN ALEXIS | H33: mi viaje sin ti | I33: Alejandro sequera
B34: VAZQUEZ CARRILLO JOSE PABLO | F34: 33 | G34: Tlatelpa Romero Maria Mercedes | H34: once minutos | I34: Paulo Cohelo
B35: XIMELLO ZAMBRANO RAUL | C35: el hombre en busca del sentido | F35: 34 | G35: VAZQUEZ CARRILLO JOSE PABLO
B36: YEHUELA ROMERO DILAN NERY | C36: El resplandor | D36: Stephen King | F36: 35 | G36: XIMELLO ZAMBRANO RAUL
B37: ZEPEDA ARCE JONATHAN URIEL | F37: 36 | G37: Yehuela Romero Dilan Nery | H37: El resplandor | I37: Stephen King
F38: 37 | G38: ZEPEDA ARCE JONATHAN URIEL

Sheet lista
A1: numero | B1: nombre | C1: 22 de mayo | D1: 29 de mayo | E1: 1 de junio | F1: 8 de junio
A2: 1 | B2: AMADOR AMADOR LUIS | C2: 2 | D2: 2 | E2: 2 | F2: 2 | J2: =K2-$L$2 -> 0 | K2: =SUM(C2:H2) -> 8 | L2: =SUM(C22:F22) -> 8
A3: 2 | B3: BELLO RAMIREZ LEONEL ALEJANDRO | C3: 2 | D3: 0 | E3: 1 | F3: 2 | J3: =K3-$L$2 -> -3 | K3: =SUM(C3:H3) -> 5
A4: 3 | B4: CALVARIO TEZMOL RODRIGO | D4: 2 | E4: 2 | F4: 2 | J4: =K4-$L$2 -> -2 | K4: =SUM(C4:H4) -> 6
A5: 4 | B5: CONTRERAS GUZMAN MELANIE C | D5: 2 | E5: 2 | F5: 2 | J5: =K5-$L$2 -> -2 | K5: =SUM(C5:H5) -> 6
A6: 5 | B6: CORONA CALVARIO CESAR | D6: 1 | E6: 0 | F6: 2 | J6: =K6-$L$2 -> -5 | K6: =SUM(C6:H6) -> 3
A7: 6 | B7: COYOTL GALINDO JUAN PABLO | D7: 2 | E7: 2 | F7: 0 | J7: =K7-$L$2 -> -4 | K7: =SUM(C7:H7) -> 4
A8: 7 | B8: CUENTENCO LOPEZ URIEL | C8: 2 | D8: 2 | E8: 2 | F8: 2 | J8: =K8-$L$2 -> 0 | K8: =SUM(C8:H8) -> 8
A9: 8 | B9: DIEGO AMARO BRANDON ELLIOT | C9: 2 | D9: 2 | E9: 2 | F9: 2 | J9: =K9-$L$2 -> 0 | K9: =SUM(C9:H9) -> 8
A10: 9 | B10: FLORES GONZALEZ KEVIN DAVID | D10: 0 | E10: 0 | F10: 2 | J10: =K10-$L$2 -> -6 | K10: =SUM(C10:H10) -> 2
A11: 10 | B11: GARCIA CARAZO SANTIAGO | D11: 1 | E11: 1 | F11: 2 | J11: =K11-$L$2 -> -4 | K11: =SUM(C11:H11) -> 4
A12: 11 | B12: GOMEZ CASIANO CRISTHOFER | D12: 0 | E12: 0 | F12: 2 | J12: =K12-$L$2 -> -6 | K12: =SUM(C12:H12) -> 2
A13: 12 | B13: HUERTA ROMERO JOEL | C13: 2 | D13: 2 | E13: 2 | F13: 2 | J13: =K13-$L$2 -> 0 | K13: =SUM(C13:H13) -> 8
A14: 13 | B14: JUAREZ MARCELINO MONTSERRAT | C14: 2 | D14: 2 | E14: 2 | F14: 2 | J14: =K14-$L$2 -> 0 | K14: =SUM(C14:H14) -> 8
A15: 14 | B15: JUAREZ TEPEPA DANIEL JACINTO | C15: 2 | D15: 1 | E15: 0 | F15: 2 | J15: =K15-$L$2 -> -3 | K15: =SUM(C15:H15) -> 5
A16: 15 | B16: LARA CONTRERAS ARELI | C16: 2 | D16: 0 | E16: 2 | F16: 2 | J16: =K16-$L$2 -> -2 | K16: =SUM(C16:H16) -> 6
A17: 16 | B17: MASTRANZO ROQUE MARASOFIA YURICO | C17: 2 | D17: 2 | E17: 2 | F17: 2 | J17: =K17-$L$2 -> 0 | K17: =SUM(C17:H17) -> 8
A18: 17 | B18: MELENDEZ MARTINEZ HUGO | C18: 2 | D18: 0 | E18: 2 | F18: 2 | J18: =K18-$L$2 -> -2 | K18: =SUM(C18:H18) -> 6
A19: 18 | B19: MENDEZ FLORES ANGEL GABRIEL | C19: 2 | D19: 2 | E19: 2 | F19: 2 | J19: =K19-$L$2 -> 0 | K19: =SUM(C19:H19) -> 8
A20: 19 | B20: MORA ACAMETITLA JULIO YAIR | C20: 2 | D20: 2 | E20: 2 | F20: 2 | J20: =K20-$L$2 -> 0 | K20: =SUM(C20:H20) -> 8
A21: 20 | B21: RAMIREZ DE LOS SANTOS LETICIA | C21: 2 | D21: 2 | E21: 2 | F21: 2 | J21: =K21-$L$2 -> 0 | K21: =SUM(C21:H21) -> 8
A22: 21 | B22: REYES LARINO MAYTE | C22: 2 | D22: 2 | E22: 2 | F22: 2 | J22: =K22-$L$2 -> 0 | K22: =SUM(C22:H22) -> 8
A23: 22 | B23: RIZO GALLEGOS UZAI ZABDIEL | C23: 2 | D23: 1 | E23: 1 | F23: 2 | J23: =K23-$L$2 -> -2 | K23: =SUM(C23:H23) -> 6
A24: 23 | B24: ROJAS GARCIA LEONARDO | C24: 2 | D24: 2 | E24: 2 | F24: 2 | J24: =K24-$L$2 -> 0 | K24: =SUM(C24:H24) -> 8
... A26: 25 | B26: SANCHEZ CALVARIO YONI JOSUE | C26: 2 | D26: 0 | E26: 2 | F26: 2 | J26: =K26-$L$2 -> -2 | K26: =SUM(C26:H26) -> 6
A27: 26 | B27: TECHALOTZI CANTOR MIGUEL ANGEL | D27: 1 | E27: 2 | F27: 2 | J27: =K27-$L$2 -> -3 | K27: =SUM(C27:H27) -> 5
A28: 27 | B28: TECHALOTZI ROJAS DAVID | C28: 2 | D28: 2 | E28: 0 | F28: 2 | J28: =K28-$L$2 -> -2 | K28: =SUM(C28:H28) -> 6
A29: 28 | B29: TEJOCOTE GARCIA DAVID | C29: 2 | D29: 2 | E29: 2 | F29: 2 | J29: =K29-$L$2 -> 0 | K29: =SUM(C29:H29) -> 8
A30: 29 | B30: TLAPAYA TLATELPA BRAYAN ALEXIS | D30: 2 | E30: 0 | F30: 2 | J30: =K30-$L$2 -> -4 | K30: =SUM(C30:H30) -> 4
A31: 30 | B31: TLATELPA ROMERO MARÍA MERCEDES | C31: 2 | D31: 2 | E31: 0 | F31: 2 | J31: =K31-$L$2 -> -2 | K31: =SUM(C31:H31) -> 6
A32: 31 | B32: VAZQUEZ CARRILLO JOSE PABLO | C32: 2 | D32: 2 | E32: 2 | F32: 2 | J32: =K32-$L$2 -> 0 | K32: =SUM(C32:H32) -> 8
A33: 32 | B33: XIMELLO ZAMBRANO RAUL | C33: 2 | D33: 1 | E33: 1 | F33: 2 | J33: =K33-$L$2 -> -2 | K33: =SUM(C33:H33) -> 6
A34: 33 | B34: YEHUELA ROMERO DILAN NERY | C34: 2 | D34: 2 | E34: 2 | F34: 2 | J34: =K34-$L$2 -> 0 | K34: =SUM(C34:H34) -> 8
A35: 34 | B35: ZEPEDA ARCE JONATHAN URIEL | C35: 2 | D35: 2 | E35: 2 | F35: 2 | J35: =K35-$L$2 -> 0 | K35: =SUM(C35:H35) -> 8
